,run,apogee [m],stability_rail_exit [cal],velocity_rail_exit [m/s],isp [%],dry_mass [%],wind_min [m/s],wind_max [m/s],wind_speed [m/s],impact_distance [m]
0,1,2783.9846408595804,2.974439342732365,31.580203362610355,-8,6,0.9999999999999998,8.5,2.5,825.8145003466153
1,2,2830.832707295138,2.967221417073543,32.092626647391874,-10,3,2,8,3.25,697.6115325391636
2,3,3003.5043766315284,2.9801554433867294,32.867187922706194,7.000000000000001,0,0.4999999999999999,9.75,4.25,1381.6183058579002
3,4,2661.8479928465563,2.990356271068471,31.845981934042317,5.5,7.000000000000001,0.4999999999999999,9.25,2.5,800.5603213907294
4,5,3305.197889083682,2.96761368257168,33.91409190569904,5.5,-6,0.9999999999999998,8,4,554.5556410177455
5,6,3336.3444914185247,2.947332167426615,33.93998322813776,-8,-8.5,0.2500000000000002,8.25,0.2500000000000002,1395.8814362645692
6,7,3144.569285607622,2.9618753646410774,33.20074245671583,-5,-3,0.2500000000000002,10,0.2500000000000002,1423.4549247459129
7,8,3140.519523719603,2.9770015897137645,33.14199604717299,6.5,-1.5,0.9999999999999998,9.25,0.9999999999999998,996.9886027851613
8,9,3079.3703945315506,2.959886318809616,32.888443056450804,-7.5,-2.5,3.25,7.25,5.5,896.9483650935055
9,10,2974.9014706404882,2.9729648878947668,32.49644386838757,-1.5,1,0,9.5,0,1282.6194375300918
10,11,2822.5295921998236,2.982276091253836,31.90259337855379,0,5.5,0.4999999999999999,10,8.75,1198.4834414640668
11,12,3134.408063703078,2.9646917072316095,33.207884681887045,-2.5,-3,0,6.5,6.5,1276.3916920058748
12,13,2786.5758433985156,2.981418684286025,31.942860733640103,0,5,0.2500000000000002,8.5,5.75,951.9739076938504
13,14,3278.0059007801988,2.9733317554155243,33.93901153117441,10,-5.5,0.4999999999999999,8.25,4.75,1036.9147827312904
14,15,3145.7036286938423,2.960166448342435,33.291444561616544,-4,-4.5,0,9,9,1427.985834543899
15,16,2802.045902206744,2.9790148174199835,32.27791363160121,0,3.5000000000000004,0.2500000000000002,10,0.2500000000000002,850.860940041647
16,17,2909.41972255709,2.959054905186504,32.62391614756808,-10,-1.5,1.75,8.75,7.25,1784.2128621841168
17,18,2742.701653876559,2.9721478051594077,31.856811693110476,-8,4.5,2,10,10,1548.139053645914
18,19,3152.0751065703207,2.968883837515313,33.407089272132716,3,-4,5.25,10,7,510.64789693927395
19,20,2919.8344633968177,2.967877437541956,32.39543066167959,-7.000000000000001,1.5,2,8.5,2.75,753.4691200457165
20,21,3422.4959618554144,2.9588839779471465,34.246234977178915,3,-9,0,9.5,0.2500000000000002,1375.7298654042954
21,22,2727.947063547674,2.991829117305142,31.459895812907426,4,9,2,9,5.75,592.2491034364625
22,23,2905.1456815421093,2.987544862967274,32.361730751773706,8.5,3.5000000000000004,5,9.25,5,1145.1721005960699
23,24,3077.731054589777,2.9772729799430215,32.988606221910864,5,-0.5,1.5000000000000002,9.5,1.5000000000000002,288.59430486327665
24,25,2906.8963302304205,2.978626809867657,32.72794793356663,4.5,0.5,3.5,9.75,5,1647.858540853055
25,26,3284.716470827957,2.9635767569182287,34.013743242802164,3.5000000000000004,-7.000000000000001,0.4999999999999999,6.5,3.75,1412.611087628265
26,27,3084.22458525188,2.9782929581243804,33.009086078807925,6,-0.5,1.75,8,7.25,1115.2040249226147
27,28,2860.4559949569025,2.97414396737163,32.522786262463846,-0.5,1,0.2500000000000002,9.25,6,734.4658943109104
28,29,3247.2616322502963,2.9689371337254173,33.63101597427587,4,-4.5,0.7500000000000001,5.75,1.25,1145.496861118609
29,30,3294.4088244112017,2.969508107271327,33.74886498422514,5.5,-5,1.75,6.5,1.75,1293.0459284892327
30,31,2690.2900546484684,2.9857521710595094,31.495220950841265,-0.5,8,0.7500000000000001,9.25,3.5,923.575975591728
31,32,2841.625835363911,2.968074207650427,32.011807735556246,-10,3.5000000000000004,1.5000000000000002,8.25,3.75,856.7546245234478
32,33,2792.558001032175,2.9775628933803304,31.88338565786903,-4.5,5.5,0.2500000000000002,8,5.25,1402.3403862895625
33,34,3435.9188176618704,2.962090244391223,34.22124048741492,5,-8.5,0.7500000000000001,10,4.25,888.1385402340987
34,35,2801.7365480431085,2.9851269858855902,31.86558325541191,2,6,0,6,0.2500000000000002,1360.7011982998777
35,36,2741.233515484663,2.9836376285261337,31.63136725261175,-1,7.000000000000001,1.75,7.25,1.75,1011.7844603210904
36,37,3177.2787838164554,2.9700457978203816,33.23557138026705,2.5,-3,0.4999999999999999,8.25,6,1296.3273941626064
37,38,3048.3166625719723,2.958525871669799,33.14379621802106,-8,-3,1.25,8.75,1.25,1278.6973096847362
38,39,2504.432216441351,2.9862121655924443,31.230865330328555,-2.5,9.5,0.7500000000000001,9.5,7.25,1026.1506025128804
39,40,3082.81193076623,2.97208926351953,32.88564057082847,1,-1,0.4999999999999999,8.5,0.4999999999999999,1211.4028757391118
40,41,2860.1534752742514,2.9847558958915186,32.21820431547757,4,4.5,0,5.75,5.75,1113.1036654782251
41,42,2864.8775098434994,2.9922274137613454,32.197563389561275,10,5.5,2,8,7,759.6692626196353
42,43,2875.9583629733233,2.97214334243692,32.19738707508095,-5.5,3,0,8.5,1.75,1253.4276199612873
43,44,3095.548815721928,2.971273396841826,33.67712064866998,6,-4.5,0.2500000000000002,7.75,4.5,1250.9363272456858
44,45,2564.77073348938,2.9792062280386307,31.23817900481589,-7.5,8.5,1.5000000000000002,10,4,961.2705661651328
45,46,2733.6456037804664,2.993511052983604,31.64731640239101,6.5,8.5,3,9.5,6,1271.4291549848695
46,47,3387.315126247825,2.9579441643736333,34.331909471880174,3,-9.5,2.75,6.25,6.25,1112.367325098514
47,48,2952.4073307271583,2.9741306409973767,32.33085047830538,-2,2,1.75,8.25,8.25,1143.2190511498795
48,49,2600.7196795861996,2.9817710408733737,31.127527143012358,-6.5,9.5,2,10,3.75,1137.5843098825644
49,50,3200.061981112346,2.950638341913027,33.69740195635112,-8,-7.000000000000001,3,9.5,6.25,1673.0982976795087
50,51,3307.4866661870024,2.9669628122742395,33.793290140808,4,-5.5,0.4999999999999999,9.5,6.5,1063.4940469825779
51,52,3239.8233200477157,2.966150599673477,33.450525771878056,1.5,-4.5,0,9.5,0,1141.2178474235295
52,53,2619.8867797953862,2.9916583880847596,31.365672851330935,3,9.5,1.5000000000000002,10,1.5000000000000002,1255.1205721103454
53,54,2633.4131070407375,2.9826200167471977,31.237457430656978,-5,9,0.4999999999999999,10,2,1265.1650935827902
54,55,3247.741090211536,2.9530056751347753,33.423036305330726,-7.5,-6,0.2500000000000002,9.75,2,926.8221004557237
55,56,2808.2380882052985,2.993452812851582,31.816397958794635,8,7.5,0.7500000000000001,8.5,4.75,878.3716475001064
56,57,3305.6750517658666,2.948758078893024,34.0919477074077,-5,-9.5,0.9999999999999998,10,0.9999999999999998,1178.2874844085998
57,58,2867.6085567622126,2.9735512158022575,32.34175071701204,-3.5000000000000004,2.5,2,6.25,4,860.322078444014
58,59,3439.6923770510807,2.962897218882992,34.57957462140624,8.5,-10,0.2500000000000002,9,1.5000000000000002,1652.4918518663628
59,60,2556.945071382777,2.9900200177335536,31.235251974696464,0.5,10,3.5,9.25,7,1150.000621635863
60,61,2884.734828126848,2.97764112365904,32.344576615558715,-0.5,3,2,8.5,8.5,1336.2917137891354
61,62,2794.606676984996,2.9894680214760965,31.85447370918461,5.5,6.5,1.25,9.75,9.75,856.3916706221652
62,63,3039.7488602438375,2.9551981172868356,33.26105688984099,-7.5,-5,0.4999999999999999,9.75,9.75,1474.345258546577
63,64,3186.126563484141,2.9570077425823245,33.19046110665607,-7.5,-4,1.25,9.25,7.75,1427.571072627323
64,65,3337.9729699919726,2.9566396762107896,34.07363817071195,0,-8.5,4.25,10,6,962.9857477584098
65,66,2818.537380063617,2.9880206098114557,32.19619940405565,6.5,5,0.9999999999999998,9.75,7.25,1001.2318121349946
66,67,3216.786744092167,2.9691880103286583,33.31548318820419,2.5,-3.5000000000000004,1.25,10,8.25,994.2352707813171
67,68,3085.161534684989,2.9679423759863446,32.89068967964754,-2,-1.5,1.25,10,1.25,751.265293923023
68,69,3000.2057162386564,2.972944728827789,32.49662235869,-1.5,1,0.7500000000000001,9.25,0.7500000000000001,710.2379900672493
69,70,3293.1814659656316,2.9746187435665843,33.76291185616781,9.5,-4.5,1.25,9,8.5,1349.6383417425868
70,71,3171.957219558749,2.977897561172551,33.420485703979764,10,-3,0,7.75,5.75,1071.3532921821336
71,72,2747.086969134974,2.989268764148832,31.832814139152376,4.5,7.000000000000001,0.7500000000000001,9.5,5.75,1424.2172567274856
72,73,2747.600168939812,2.9726631449682106,31.895652311026527,-7.5,4.5,0.2500000000000002,9.75,4.5,1569.3118639155255
73,74,2886.2089281993076,2.987340289462757,32.26402397299911,7.5,4,0.9999999999999998,9.5,2.75,920.5988087628306
74,75,2730.7520945183705,2.97781933059312,31.663058849256867,-5,6,0.2500000000000002,10,9.75,782.5209480425042
75,76,3313.72458136421,2.952667347587818,33.649060831806786,-7.000000000000001,-6.5,0.4999999999999999,10,4,1363.5574950272173
76,77,3424.0939615007705,2.9491670818919764,33.99017881457098,-5.5,-9,1.5000000000000002,9,8.25,944.6954356861767
77,78,2719.185039735972,2.981899291620026,31.935697798443883,-0.5,5.5,0,5.5,5.5,1268.3819632900374
78,79,3110.487139840833,2.9688970841852558,33.14973338473028,0.5,-2.5,0.2500000000000002,7.75,0.2500000000000002,1528.6576023507255
79,80,2799.004446479402,2.991665714380118,31.815455039542815,7.000000000000001,7.000000000000001,0.9999999999999998,9.75,1.25,488.44342988294585
80,81,2649.5224483401735,2.9895717992281106,31.31933129647723,1,9.5,0.4999999999999999,8.75,4.5,1237.9023932170762
81,82,3078.554522229911,2.973146916289302,33.20669504240489,4.5,-2.5,0.9999999999999998,8.25,1.5000000000000002,644.0579709323885
82,83,3107.252722405884,2.9750685815363624,33.15180169106078,5.5,-2,0.2500000000000002,10,5.25,785.7475040717705
83,84,3393.679566563455,2.96274854633248,34.352632836152424,6.5,-9,0.2500000000000002,9.5,7.5,888.8235698724659
84,85,2602.0010523410488,2.9939192200664846,31.328634702068346,4.5,10,1.75,10,4.75,840.7200949862643
85,86,2872.5927782389563,2.9715237969814945,32.388981308971175,-4.5,2,3.5,6.25,6,816.7878161965355
86,87,3161.0811321865917,2.979131617242014,33.248817066408954,9.5,-2,0,8.75,6.5,1450.0294344330987
87,88,2685.1103346158184,2.995268730442228,31.55491599981421,7.5,9,0.9999999999999998,9.75,6.25,1514.9807742729556
88,89,3289.657098037159,2.958301270682117,33.68633932120418,-3,-6,2.5,9.75,7.25,1813.7536999446643
89,90,2836.4525586708005,2.978526173372082,31.96462855277608,-2,4.5,2,9.75,5.75,1397.139009965694
90,91,2771.857956707241,2.9730965591456635,31.63635401177583,-8.5,5.5,1.25,8.5,7.25,846.7125159635137
91,92,3122.517606705987,2.9763516512112496,33.05489651377964,5,-1,2,9.25,2.5,815.312098460033
92,93,3112.651769207231,2.9715582942974503,33.167699534124544,3,-2.5,0,9,2.5,1485.6823972823693
93,94,3277.514566379516,2.9470770451286565,33.7151740841901,-10,-7.5,0.9999999999999998,8,6.75,674.9175377285725
94,95,3256.682479377089,2.9566733139349206,33.64366013754351,-4.5,-6,0.2500000000000002,9.75,9.75,958.0109405566777
95,96,3343.396371394713,2.9628321201816044,33.90631352229001,2,-6.5,0,8,8,1152.9018136071734
96,97,3097.193637537027,2.978739614438019,33.236066334838064,9,-2,1.25,5.5,5.5,1314.7167703915184
97,98,3479.2443636307344,2.9588959187029804,34.24586065076143,3,-9,0.7500000000000001,9.5,9.5,653.4350852239639
