gen,iter,fitness,apogee,drift,sm,fin_span,fin_root_chord,fuel_mass,oxidizer_mass,fin_tip_chord,fin_sweep_length,tail_top_radius,tail_bottom_radius,nose_length,tail_length,fin_count
1,0,0.0005599076159097733,0.0,0.0,5.786008926446083,0.94331767087553,0.22672849756733324,3.9928991680069994,12.03474154782939,0.09920404530869499,0.7401148000607427,0.13936850045418453,0.09861556355805663,1.170228537620265,0.5555510561466097,4.0
1,1,0.0004017625085733672,0.0,0.0,6.48903264655265,1.0740758686351135,0.5399986226298412,7.647374928561765,5.188621380064413,0.24103577485229888,0.5006276218097665,0.10511541324898542,0.11766626364021866,1.0300086135218511,0.374681629562962,3.0
1,2,7.2867261695784375e-06,0.0,0.0,0.0,0.2523940611737776,0.38505331531419307,11.864593711470206,10.973448660498441,0.29780240370501265,0.6088649374334224,0.19099153607358654,0.05868912275482588,1.0378017901925443,0.37529475215156616,4.0
1,3,5.2648122881926615e-06,0.0,0.0,0.0,0.6321645077031784,0.7084119085284539,11.267544557589448,4.4699470293062245,0.19278068512944502,0.5846062463812662,0.14210838208577642,0.10126427528265418,0.9163423390723939,0.3180349131691963,4.0
1,4,5.174173211979233e-06,0.0,0.0,0.0,0.7764380146109662,0.23672508413868876,7.478888232938591,12.488956423713299,0.25250584197766235,0.328372077965567,0.12313813453372854,0.062214140838025685,0.8066582433837732,0.4005002963704475,6.0
1,5,0.0006496865167892784,0.0,0.0,5.539203868570269,0.6657481973534288,0.4521444585599915,6.70797837791512,14.037315937628692,0.09052516157009825,0.4685036769299802,0.09871709633334427,0.09443356865070443,1.0335294140544127,0.31744446649726893,4.0
1,6,0.0005016629949230322,0.0,0.0,5.993370071383131,1.4612309725726516,0.28425320840181967,5.614341359281681,4.679728518247017,0.11498069414337524,0.43220026738810413,0.13735718540691155,0.09847284526078871,1.1040789366042874,0.38900664840943094,3.0
1,7,0.00015119622027269297,0.0,0.0,-4.113921949876988,0.14792973615890023,0.2386044291343739,9.978549890356106,5.9287782477190225,0.24427358932537718,0.5749238600071656,0.1445828241108585,0.10801621052808025,1.1500141735676916,0.4667998231178892,5.0
1,8,5.807576953757469e-05,0.0,0.0,-14.718885052448694,0.07386552109165812,0.8843612871838776,9.73282801399,11.279294155986044,0.28750326835475115,0.30115909019864157,0.15430714339590568,0.11878502185738729,0.9254591772653412,0.3293676068515507,4.0
1,9,0.0002573132112074082,0.0,0.0,-1.3863142522206002,0.12274311361513122,0.47322265769592997,5.366530548602814,8.530801472556586,0.21491680016930859,0.4149265672055757,0.10608108296887782,0.07725099539999616,0.8602041193270561,0.5108623946933837,6.0
1,10,5.4953170465090295e-06,0.0,0.0,0.0,0.722978910488603,0.1980514408543342,10.907300531671513,8.525606718354233,0.11565171149974472,0.6244720801891355,0.12241377937126313,0.08150661881653479,0.8226810810960832,0.5073223463860222,4.0
1,11,8.014373613065273e-06,0.0,0.0,0.0,1.1644110236229637,0.9029251677475998,7.581400580974703,14.20136839735803,0.21584893754570028,0.32703564555002596,0.11778069525620971,0.07431293914360522,1.0238788815800692,0.32796391056753066,5.0
1,12,0.000586966520350837,0.0,0.0,5.703674682164645,0.6205544276794759,0.5513254280132746,4.244600920606781,4.499173416447495,0.11181237496396736,0.6797407801351327,0.17077362262301798,0.11989494197828919,1.2953915940279286,0.509912954471251,4.0
1,13,0.0008593572259987704,0.0,0.0,5.163660431013157,0.9581469435769636,0.1366735971613875,5.8052393677479435,4.258727078543649,0.13595309220847296,0.32571265885961154,0.13360040387823657,0.06267195664301839,1.1962464718194665,0.5888156974704093,5.0
1,14,5.195011791347575e-06,0.0,0.0,0.0,0.11313199141500316,0.505899086209903,11.938230583191311,12.93361291139117,0.18350524492222697,0.6582302467785541,0.10580959425845689,0.05686642250667823,0.8834946897092215,0.3884780912050558,6.0
1,15,6.558112251770725e-06,0.0,0.0,0.0,1.1411850832532258,0.2816991497884059,6.652471958220614,14.33412548910359,0.21933172635934417,0.694406889271757,0.1580470658608546,0.08876457130109526,1.1153279404054313,0.5874596819373394,5.0
1,16,6.31926128230231e-06,0.0,0.0,0.0,0.3699888549528566,0.40043413976808484,3.7110909600743773,14.727209336100428,0.18354157226693968,0.4931542656976067,0.1945820932788625,0.07906566177601426,0.8945037265867396,0.3929396890496381,6.0
1,17,7.131333995877275e-06,0.0,0.0,0.0,0.2541041888967242,0.29169541631051243,6.402715542114102,5.86124397716455,0.069194599304514,0.6864899626220619,0.17360617941200152,0.06372682061285206,0.9355629689284248,0.351282336249494,4.0
1,18,4.986283073423263e-05,0.0,0.0,-17.555018643645997,0.04129220263197029,0.3130373275260977,10.53287489944889,12.65159807493264,0.059428901666623166,0.3634859195577876,0.11938854652309075,0.09589410905115475,0.8198661619585574,0.5164920528387437,4.0
1,19,0.6493602371447452,1938.3359778912672,1037.3626224884727,4.440563934312533,0.36361084313466124,0.5773003404520911,8.099786878135417,6.397342603159099,0.2573773422581489,0.38473455765432,0.1923260086127757,0.07489313956468767,1.0847588472394167,0.3369302932643662,5.0
2,0,0.0006068406159467895,0.0,0.0,5.647879152650001,1.1131186079573414,0.10329012993469831,8.741905580023346,3.6525413258452817,0.17934906635951925,0.38792960904458706,0.19841198137203786,0.06380899557458954,0.8293687872502393,0.39566482669044734,5.0
2,1,5.214821205287143e-06,0.0,0.0,0.0,1.2298186447967676,0.6489082988518587,11.571184873312703,4.027030167051999,0.12872150391621986,0.3829326892352908,0.0966466604941371,0.0666010823609371,0.9449425343568607,0.37896763946845513,3.0
2,2,6.4582954316328205e-06,0.0,0.0,0.0,1.081094150130038,0.6391399205956811,6.782883723667649,6.907247870047373,0.28843644928666595,0.8,0.162255749684807,0.06575095423338086,0.836553313267087,0.5272636887637415,4.0
2,3,0.0004545551693297424,0.0,0.0,6.199952981448952,0.7801576170430572,0.4751358804984278,10.452375237991422,13.311858710407039,0.05406415793018912,0.7907934254956809,0.15792782502735087,0.09952311644140283,1.2279453068570598,0.3241794147828759,4.0
2,4,0.0001480879286314037,0.0,0.0,-4.252744867470169,0.07822444123909733,0.7835908395301079,4.762363885541659,5.787278373080323,0.28432091284174216,0.7777730293210445,0.11052484079363764,0.10870905654434448,0.9188692830410747,0.3578858259466081,5.0
2,5,0.00034365552078578895,0.0,0.0,6.909890688540199,1.3424397264041492,0.32357013356975706,11.395513122908831,5.9183104464229,0.1534245024362056,0.7679449186078007,0.10669330196068556,0.09139580590763738,0.8557901565585748,0.3077860319706155,5.0
2,6,0.0004068803840635925,0.0,0.0,6.45772477407932,1.332875133727697,0.2982749445216345,6.014072296584535,12.221472704586295,0.17578374684156733,0.7724538376923333,0.19634137238693594,0.0945286260062658,1.0067439848678588,0.4103909269051228,4.0
2,7,0.00042678416068498776,0.0,0.0,6.343104763763964,0.9789310028859083,0.6264319261822302,4.731261604085262,14.036102927865654,0.2280938439585929,0.5380229127140947,0.18166560672082455,0.07140579131020004,1.2948197142991438,0.5634551530770177,5.0
2,8,0.0006202935485728186,0.0,0.0,5.612139933263559,0.4632640503633269,0.8103529834496048,5.507059415536427,11.640773341501838,0.16134002644150283,0.5294732406538607,0.09778122914888385,0.08772680373903521,0.9591194065649868,0.30416746692254804,4.0
2,9,0.00032642373403700945,0.0,0.0,-0.5635027288996745,0.15527813392876016,0.5433218105931943,11.078039388488493,15.358108341704535,0.24769484573265338,0.5489388630228018,0.1060317901016848,0.08233216824206718,1.0722956253188953,0.48917740544145016,4.0
2,10,5.735085648958922e-06,0.0,0.0,0.0,1.302790144327023,0.2212292686237116,6.615390421889728,11.768376656991316,0.23213231381429428,0.5442371688086748,0.10613455642157876,0.0648557261353954,0.8720128986631674,0.47660070783005576,3.0
2,11,9.228566733414525e-06,0.0,0.0,0.0,0.939244244298124,0.3360707978135772,10.177921719219682,12.768195228278124,0.16692774835276047,0.7845403350295288,0.18807912881708402,0.09217487258769408,1.2171608254522244,0.370300963643576,6.0
2,12,0.0009605312787765095,0.0,0.0,5.041090511153124,0.5227987858002857,0.14797780031624497,9.568910355615266,9.335708984403688,0.28481105489223807,0.5216613340650206,0.14716216249783476,0.10262673669217626,1.0738994645101243,0.4885429587054896,5.0
2,13,0.0003743768834219524,0.0,0.0,6.671105092973705,1.0168276090787214,0.2006071165529405,4.023216762129877,15.47634529908548,0.28603561415020984,0.7594614096970771,0.10556894588400062,0.05088330590838615,1.117268109634733,0.35225765594855657,5.0
2,14,0.00044477369074753115,0.0,0.0,6.248334424455952,1.082292959345629,0.6688586763307709,6.985642224796743,13.781993688779613,0.22895733310842503,0.5562247476505552,0.18623451752771047,0.07888591809783997,1.0505096292921654,0.31508611680200416,3.0
2,15,0.00038263729698244137,0.0,0.0,6.613440999835122,0.8361909050025306,0.785056395361524,7.048818767123515,5.412214230243647,0.2035214308933262,0.795973490174559,0.19241199192322955,0.0714007917842935,0.9458313376058114,0.4390573660674693,3.0
2,16,6.348534829941903e-06,0.0,0.0,0.0,1.3278503020155037,0.41439555897645763,4.20407482503617,15.405764585048646,0.2535631007948986,0.5251229727240864,0.15641848553901097,0.1173550868960827,0.9277373381658321,0.48975913091959555,6.0
2,17,7.132055665334274e-06,0.0,0.0,0.0,1.193795436350929,0.23212708804842047,3.899261428544028,5.596942992745847,0.0615639932592157,0.762959328088063,0.11376859151623966,0.10315464635234659,0.9979696156673152,0.4540129198465783,5.0
2,18,6.2319853042954e-06,0.0,0.0,0.0,0.16306984074198896,0.4617183448869526,8.905774076331108,13.276460180059166,0.052197291943111394,0.3854000400332076,0.1813731142694643,0.07138924284830031,1.2066867827197605,0.3913406102625784,5.0
2,19,0.00033281943278576056,0.0,0.0,7.004632246470147,1.5,1.0,3.0,3.0,0.3,0.39712478199762935,0.2,0.09939032257847169,0.8117161737250244,0.3,6.0
3,0,0.00042052962419152057,0.0,0.0,6.3779537575326035,0.5829915448325244,0.7668800322484756,3.609745981076491,9.454267067876724,0.2636015688364247,0.5893919882916399,0.12868999065336803,0.057341561788307405,1.1306926114986149,0.589946217496364,5.0
3,1,0.0004288250992452087,0.0,0.0,6.331953054427406,0.6665093729313375,0.8348336834029012,10.860015119167747,6.887520897216362,0.2842255368050635,0.39478090698599433,0.11113458464152597,0.07446190143322202,0.8185443930812474,0.34010816925237386,5.0
3,2,0.5484139669008324,1576.9633100273575,740.247023327505,4.234399651928947,0.44485693392589676,0.15402764267792304,7.718992882658027,5.996552421969995,0.200282470638189,0.5164392452950488,0.1388200433738409,0.0760066124779118,1.0246457942703535,0.47730414686179845,5.0
3,3,0.00040899281903590686,0.0,0.0,6.445030703368429,1.442653758673064,0.7604450813479295,8.43676958716511,5.980855115472453,0.0888171274978371,0.335354587857959,0.10369534928218702,0.07347661112933866,1.2434056905230086,0.41980552179611474,5.0
3,4,7.729318454032792e-06,0.0,0.0,0.0,0.11215417801907353,0.5683615703574746,8.769933400647627,6.3301232835912495,0.288686728520912,0.7633390815351974,0.16120761529826255,0.07480539921567012,1.1974343057600212,0.41383197876386224,5.0
3,5,0.000539757787061647,0.0,0.0,5.8526828588130915,1.143632892271598,0.49820639772584596,9.84497972133681,7.471399985825233,0.05,0.3,0.2,0.0799656702479854,1.080576572430351,0.47613159348784284,5.0
3,6,2.436312070289459,1601.8231850286593,610.9293533771746,2.362165241718733,0.4399118038188114,0.17389444691510245,10.365175544752017,5.29337642259335,0.059155281985309546,0.48236810768688343,0.1674288950777152,0.06984669587477277,0.8475843501388457,0.4944489721739219,5.0
3,7,0.0003919695858040549,0.0,0.0,6.551218350139796,1.5,0.9999995059026483,3.0,6.86831836215168,0.05,0.3,0.2,0.07737120883544461,0.8,0.3,5.0
3,8,8.423386155869857e-06,0.0,0.0,0.0,1.5,0.3704773589796059,3.0,8.03660143053619,0.05,0.3,0.2,0.08352959372031446,0.8,0.3,5.0
3,9,6.347850689316588e-06,0.0,0.0,0.0,1.5,0.5697703519004029,3.0,6.620550869146261,0.05,0.3,0.2,0.07588508801635438,0.8,0.3,5.0
3,10,7.734698093084513e-06,0.0,0.0,0.0,1.1285187328129356,0.9684490176339399,11.162009058028774,5.512423620687285,0.07988918832276923,0.3038591930628106,0.19943253958969648,0.08147122838784943,0.8266953626599345,0.369716268339526,5.0
3,11,6.500383461185079e-06,0.0,0.0,0.0,0.8515686851424947,0.5105091952536251,6.182056853956244,6.144446366268216,0.1839182918456625,0.3,0.10812600500976768,0.0791431257413371,0.9690061613217754,0.5642496596947708,5.0
3,12,9.554253041706656e-06,0.0,0.0,0.0,0.28893589002727144,0.7508776925872922,3.9613903721263424,6.218311728437992,0.15051532070451984,0.3,0.15480703139743374,0.07117428982541632,0.8,0.3095193502055457,5.0
3,13,7.69356619742025e-06,0.0,0.0,0.0,0.8889342070983969,0.6205290488334357,4.144381970139275,3.409362648807067,0.06102489141003008,0.3,0.2,0.07805717061443203,1.0109080326121846,0.33342830147736796,5.0
3,14,5.154737468568249e-06,0.0,0.0,0.0,1.5,0.673072752672259,5.062629068943019,4.803035575420729,0.05,0.3,0.2,0.07790326098890149,0.8,0.3,5.0
3,15,0.0003871719142504766,0.0,0.0,6.582831975134077,1.5,0.999999997644781,5.888845254187835,5.134136373071655,0.05,0.3,0.2,0.07178811900507588,0.8,0.3,5.0
3,16,0.0004770337503868036,0.0,0.0,6.096287734754927,0.5925034780865484,0.7011490721633945,7.10238466754577,5.026673716610958,0.05399246462512734,0.4876996134757125,0.1456201104554491,0.09001650456249258,1.1857084894686567,0.44414529609504605,5.0
3,17,0.00031176880164578944,0.0,0.0,-0.7075050316809192,0.23761614759823219,0.1784272846823634,7.5296931873799595,3.228470143679243,0.07697889952807631,0.3817197000947563,0.14604927752218094,0.08718245596969271,0.9496834251883595,0.4707968108459495,5.0
3,18,0.00014374111244076475,0.0,0.0,-4.456951863108036,0.17702945173016768,0.6693906669340898,5.418591691140803,4.647002219691295,0.10471865571558364,0.3,0.2,0.08707533048234559,0.8977734167438959,0.39252521499857385,5.0
3,19,0.0003956182587243555,0.0,0.0,6.527689200251861,1.2901203368581542,0.6033380490251274,8.229473203977083,4.277110415245896,0.2876995095958257,0.3022472685234989,0.1389919003263296,0.08118870829465819,1.1708210700856607,0.5690137185136928,5.0
4,0,0.0004725170591460231,0.0,0.0,6.1163257085517575,1.169020565728757,0.5753467172980302,4.144055368210051,5.227013890070166,0.05876664280946384,0.4627384861861292,0.16781262000272584,0.066442937183679,1.1852461497206477,0.4647421660573817,5.0
4,1,5.356255693837432e-06,0.0,0.0,0.0,0.8390118883616058,0.8983937937947941,11.542805033525596,6.415989374297823,0.2654661166981626,0.4973777127466261,0.16813836045364242,0.08731716222079851,1.293966478694304,0.40320754863011826,4.0
4,2,6.04095691659117e-06,0.0,0.0,0.0,0.3087832591423573,0.34411751997003714,10.828340801993573,13.578876894759748,0.14569702251224143,0.4848957415537494,0.166341014593329,0.08471053925978092,0.8936062309089983,0.5181151721744266,4.0
4,3,0.0005699812906429075,0.0,0.0,5.754443551773524,0.6353247387184284,0.16777973796860315,11.233034920550658,3.2430836134089844,0.11458206589838699,0.8,0.09,0.06438832933161245,0.8502128121376409,0.5344095315748503,6.0
4,4,0.0004444016849497194,0.0,0.0,6.250216490770376,0.48866365416194835,0.8313639196037053,7.912555306199079,15.285473300864671,0.19091599544300464,0.746407226813498,0.09,0.06933790837035185,1.0744389313820302,0.4813242998039143,5.0
4,5,0.00033504529190868154,0.0,0.0,6.984671100146531,1.404463913072231,0.7768873608840141,6.150312128014848,11.929848719893759,0.26698749704895314,0.6721321440894412,0.09,0.10420796459520258,1.1706441530954979,0.4252978264877547,4.0
4,6,0.00040209521539165134,0.0,0.0,6.4869731390013525,1.154402193313958,0.9322191461435205,10.951493710877674,3.7368565297496352,0.10342361013458481,0.3,0.1693293019529143,0.0654898423476517,0.9581614987460894,0.3585946372468355,4.0
4,7,2.852801866888763,1654.620915963931,544.6982056680955,2.300457371710383,0.22220666266871764,0.2296071999866008,9.007595063293174,3.4379790973894524,0.1679437075409634,0.78164700600394,0.09300026648396294,0.11636041452495759,1.1392347848995987,0.39104559897082214,5.0
4,8,0.0004060364066450072,0.0,0.0,6.462833341135068,1.2755520563329883,0.20216085975365913,7.964005476701365,5.667028435944614,0.1232484566134574,0.7066530157871731,0.09237087964732953,0.07365781749378589,1.2771210714436911,0.360882839348629,4.0
4,9,9.476801073242595e-06,0.0,0.0,0.0,1.4419276001760888,0.15086140560133288,8.369693294766655,10.341021892016782,0.12572152737630496,0.3,0.17215932722340022,0.0736126559605147,0.9632297873836139,0.3406878928802022,6.0
4,10,5.439066737437358e-06,0.0,0.0,0.0,0.29866021318417824,0.2596472786128498,8.353966533369718,6.3306368548097405,0.130270229229079,0.3380518086032559,0.17068242838646328,0.08022175972467008,0.8555038828931767,0.4007149990553536,3.0
4,11,8.92056998914585e-06,0.0,0.0,0.0,0.30300161997139263,0.8630931397532412,7.910437781401273,3.489288033163031,0.05176474588157121,0.6008372500737518,0.09,0.08213521275582716,1.2553299910950722,0.5417971762660176,5.0
4,12,0.00018852877164126657,0.0,0.0,-2.804230178207518,0.14844563249319004,0.19830688903111826,7.971719750103496,5.5830250978167095,0.2188624176563,0.6379911630455672,0.09155563739469333,0.05939470957067726,0.8059810623641009,0.3528192829206802,6.0
4,13,5.229544760176898e-06,0.0,0.0,0.0,1.4420438552249906,0.24154149581594941,3.407233220989558,12.287585361141224,0.28680980621978536,0.5153929024982533,0.09,0.09776731759267504,1.102603508499288,0.3260715097206021,5.0
4,14,0.0004106566429451321,0.0,0.0,6.435124372585908,1.3544228049956848,0.9457245750178765,11.522166146304558,13.295846038440622,0.13927515004003493,0.44876219647522597,0.09,0.10906116870055248,1.2662839957438585,0.3020782743158171,3.0
4,15,5.387419731055147e-06,0.0,0.0,0.0,1.4917337913184106,0.5272917990952524,8.776797296402655,8.119408557063352,0.13625699793379598,0.3471246067040486,0.16698227105600538,0.05134751165574038,0.9098351629009025,0.5432852798268446,3.0
4,16,5.691441602685396e-06,0.0,0.0,0.0,0.037316380818517556,0.37197431431948,6.2999432368872315,7.180629096387049,0.06728576297742356,0.3,0.09,0.0732195616231542,1.05911270560079,0.546428234274602,4.0
4,17,0.0005178791565469289,0.0,0.0,5.93095239952833,0.9035012234518636,0.4618512335876658,5.3100464399097715,15.57102895453728,0.15585650531591158,0.3622908975393775,0.09,0.08838504466812354,1.0343659178211415,0.45898426778142765,4.0
4,18,8.636933168022498,3179.3618390197694,1672.8159612281102,3.132190706424505,0.31910566323834055,0.3709289188199142,7.629783075351409,12.542432078913304,0.05305254084050165,0.3,0.16540835037743323,0.09739189883197466,1.0726957508785602,0.5658156400639516,5.0
4,19,3.030056374652055,3214.2446087660624,1590.7742080691235,3.5633312330745492,0.25237797963729175,0.7637525607237514,9.192739335762145,10.395975224931888,0.08530761992353725,0.8,0.09632159272298904,0.07699326034737349,1.074493619905249,0.5943350771468507,4.0
5,0,0.00028137335941938685,0.0,0.0,-1.05399673253892,0.2816090490579879,0.20069421080250724,9.569208804513497,5.981159051321564,0.05,0.7085744368726488,0.1746897812871307,0.11300213062327763,1.0573137844884841,0.5802711577373802,6.0
5,1,5.675644000133198e-06,0.0,0.0,0.0,0.35920340606581874,0.18945225962669607,3.357930398588951,11.705509809591975,0.05,0.4261689626113464,0.16635785579934584,0.11680118066353383,1.044859648036637,0.5679064344143063,5.0
5,2,2.529500459803976e-05,0.0,0.0,-37.033497458921005,0.08424801288012107,0.8429219201990639,6.181043394530999,15.749314542934592,0.29796198268213137,0.7176935772099041,0.16447373372591512,0.10960321138586979,0.8497613629002352,0.5588929565771196,3.0
5,3,3.6141912058994815e-05,0.0,0.0,31.668707686734717,0.01,0.2814806922509102,6.109487114611765,8.426951799105794,0.3,0.49174851383876467,0.18142934891781878,0.0606345319602638,0.8,0.5729926058683364,3.0
5,4,0.000302036710228491,0.0,0.0,-0.8108558202858828,0.19815732479874534,0.7037149297707395,5.001785230615986,14.527850990432569,0.05,0.7826489906289247,0.1691109144731177,0.08232743749122579,1.156030179926979,0.5656354560247663,5.0
5,5,8.688827633051248e-06,0.0,0.0,0.0,0.01,0.11349680691364704,4.517044919357695,6.341990354884036,0.3,0.6962644875969168,0.15593449321529745,0.08745986122987048,0.8,0.5765676208959407,4.0
5,6,0.0008961722644331498,0.0,0.0,1.384143105418997,0.24179008539486804,0.37741510277670465,9.08795029995052,14.445131122342055,0.0670447903456446,0.4715692536493185,0.16469744808945738,0.11263343086828341,1.0773392225216467,0.572482405033313,5.0
5,7,5.7994640304632104e-06,0.0,0.0,0.0,0.27875933020593746,0.3525515595817301,5.156545249744289,12.764055014257188,0.054456601632081034,0.41152737709040205,0.17519252676664543,0.06923702365721887,1.0842737268409972,0.5604025855985312,4.0
5,8,7.467845004487344e-06,0.0,0.0,0.0,0.29360421818297705,0.9522692690285879,10.90736079083818,13.771187685492594,0.05047961380995341,0.7544349820622902,0.162158770285789,0.0641970263837809,1.119612951893759,0.570651292413228,3.0
5,9,6.322140527253064e-06,0.0,0.0,0.0,0.18634149779311837,0.1789769864473812,10.636145039614078,9.063105752605521,0.05,0.6421355660521904,0.16306691962216294,0.0792941504456167,1.017503505394814,0.5648101984253895,5.0
5,10,8.885069424776714e-06,0.0,0.0,0.0,0.01,0.6309972999719999,3.7460924968053115,14.99669646498771,0.3,0.5113564011693342,0.17241179794014178,0.07116341869533102,0.984590790396938,0.5749367336104684,5.0
5,11,7.125717193058743e-06,0.0,0.0,144.33675108157723,0.01,0.3520029477974592,11.715743448827842,3.0322427733636603,0.27287383974322393,0.7089512255925893,0.17150839087591166,0.1102291220390226,0.8592408357377218,0.5737612105273286,5.0
5,12,8.002132154587214e-06,0.0,0.0,0.0,0.17718465938394332,0.3197128486129246,11.259322763705462,4.294693265161663,0.2960603850443435,0.6663974123664043,0.17558360175640114,0.07990997637367245,0.8443610407606685,0.5899863696222416,5.0
5,13,5.750371833741578e-06,0.0,0.0,0.0,0.01,0.629887390607525,7.9392315893644225,6.5461363640409775,0.27658976187727313,0.647518827384608,0.2,0.10595721652694276,0.9588042716251969,0.6,5.0
5,14,5.272613680012697e-06,0.0,0.0,0.0,0.01,0.9517792045161004,11.231856007713201,7.750005303706011,0.2876792092922701,0.626773226879873,0.17704397154644894,0.10262997931131916,0.8851920462782468,0.6,4.0
5,15,9.064431496315065e-06,0.0,0.0,0.0,0.01,0.6123235272233597,11.342165034438045,9.418264861333792,0.23979143248399332,0.7639446457725052,0.2,0.09474570862145856,0.8,0.6,5.0
5,16,0.0001922382412557601,0.0,0.0,-2.701878634904733,0.19399703273707797,0.8161063997258129,9.394883873714395,15.70734466385978,0.2657907886147861,0.5641924837234201,0.2,0.11539419059879262,0.8,0.6,4.0
5,17,3.4475716816864774e-05,0.0,0.0,33.00592336664111,0.01,0.2242140422370313,10.305890265435764,14.809500659129768,0.05,0.3,0.2,0.10862178640836623,1.0971540755329015,0.6,6.0
5,18,2.8342746557610288e-05,0.0,0.0,39.28239572574137,0.01,0.1761736845884291,8.058173817197266,15.580190643201998,0.05,0.6811606606706608,0.2,0.11997547062437591,0.8296265434965173,0.6,5.0
5,19,4.05399975995085e-05,0.0,0.0,28.66699702054555,0.01,0.3087505318860492,10.9158898256086,11.634286574363033,0.10840267742206672,0.3,0.2,0.09084683729565388,0.8,0.6,6.0
