0.000000,2.605000
0.005481,2.602353
0.010962,2.599705
0.016444,2.597058
0.021925,2.594411
0.026338,2.591763
0.027406,2.589116
0.032887,2.586468
0.038368,2.583821
0.043850,2.581174
0.049331,2.578526
0.054812,2.575879
0.060293,2.573232
0.065774,2.570584
0.071256,2.567937
0.076737,2.565290
0.082218,2.562642
0.087699,2.559995
0.093180,2.557348
0.098662,2.554700
0.104143,2.552053
0.109624,2.549405
0.115105,2.546758
0.120586,2.544111
0.126067,2.541463
0.131549,2.538816
0.137030,2.536169
0.142511,2.533521
0.147992,2.530874
0.153473,2.528227
0.158955,2.525579
0.164436,2.522932
0.169917,2.520285
0.175398,2.517637
0.180879,2.514990
0.186361,2.512342
0.191842,2.509695
0.197323,2.507048
0.202804,2.504400
0.208285,2.501753
0.213767,2.499106
0.219248,2.496458
0.224729,2.493811
0.230210,2.491164
0.235691,2.488516
0.241173,2.485869
0.246654,2.483222
0.252135,2.480574
0.257616,2.477927
0.263097,2.475279
0.268579,2.472632
0.274060,2.469985
0.279541,2.467337
0.285022,2.464690
0.290503,2.462043
0.295985,2.459395
0.301466,2.456748
0.306947,2.454101
0.312428,2.451453
0.317909,2.448806
0.323391,2.446159
0.328872,2.443511
0.334353,2.440864
0.339834,2.438216
0.345315,2.435569
0.350797,2.432922
0.356278,2.430274
0.361759,2.427627
0.367240,2.424980
0.372721,2.422332
0.378202,2.419685
0.383684,2.417038
0.389165,2.414390
0.394646,2.411743
0.400127,2.409096
0.405608,2.406448
0.411090,2.403801
0.416571,2.401153
0.422052,2.398506
0.427533,2.395859
0.433014,2.393211
0.438496,2.390564
0.443977,2.387917
0.449458,2.385269
0.454939,2.382622
0.460420,2.379975
0.465902,2.377327
0.471383,2.374680
0.476864,2.372033
0.482345,2.369385
0.487826,2.366738
0.493308,2.364090
0.498789,2.361443
0.504270,2.358796
0.509751,2.356148
0.515232,2.353501
0.520714,2.350854
0.526195,2.348206
0.531676,2.345559
0.537157,2.342912
0.542638,2.340264
0.548120,2.337617
0.553601,2.334970
0.559082,2.332322
0.564563,2.329675
0.570044,2.327027
0.575526,2.324380
0.581007,2.321733
0.586488,2.319085
0.591969,2.316438
0.597450,2.313791
0.602932,2.311143
0.608413,2.308496
0.613894,2.305849
0.619375,2.303201
0.624856,2.300554
0.630337,2.297907
0.635819,2.295259
0.641300,2.292612
0.646781,2.289964
0.652262,2.287317
0.657743,2.284670
0.663225,2.282022
0.668706,2.279375
0.674187,2.276728
0.679668,2.274080
0.685149,2.271433
0.690631,2.268786
0.696112,2.266138
0.701593,2.263491
0.707074,2.260843
0.712555,2.258196
0.718037,2.255549
0.723518,2.252901
0.728999,2.250254
0.734480,2.247607
0.739961,2.244959
0.745443,2.242312
0.750924,2.239665
0.756405,2.237017
0.761886,2.234370
0.767367,2.231723
0.772849,2.229075
0.778330,2.226428
0.783811,2.223780
0.789292,2.221133
0.794773,2.218486
0.800255,2.215838
0.805736,2.213191
0.811217,2.210544
0.816698,2.207896
0.822179,2.205249
0.827661,2.202602
0.833142,2.199954
0.838623,2.197307
0.844104,2.194660
0.849585,2.192012
0.855066,2.189365
0.860548,2.186717
0.866029,2.184070
0.871510,2.181423
0.876991,2.178775
0.882472,2.176128
0.887954,2.173481
0.893435,2.170833
0.898916,2.168186
0.904397,2.165539
0.909878,2.162891
0.915360,2.160244
0.920841,2.157597
0.926322,2.154949
0.931803,2.152302
0.937284,2.149654
0.942766,2.147007
0.948247,2.144360
0.953728,2.141712
0.959209,2.139065
0.964690,2.136418
0.970172,2.133770
0.975653,2.131123
0.981134,2.128476
0.986615,2.125828
0.992096,2.123181
0.997578,2.120534
1.003059,2.117886
1.008540,2.115239
1.014021,2.112591
1.019502,2.109944
1.024984,2.107297
1.030465,2.104649
1.035946,2.102002
1.041427,2.099355
1.046908,2.096707
1.052390,2.094060
1.057871,2.091413
1.063352,2.088765
1.068833,2.086118
1.074314,2.083471
1.079796,2.080823
1.085277,2.078176
1.090758,2.075528
1.096239,2.072881
1.101720,2.070234
1.107201,2.067586
1.112683,2.064939
1.118164,2.062292
1.123645,2.059644
1.129126,2.056997
1.134607,2.054350
1.140089,2.051702
1.145570,2.049055
1.151051,2.046408
1.156532,2.043760
1.162013,2.041113
1.167495,2.038465
1.172976,2.035818
1.178457,2.033171
1.183938,2.030523
1.189419,2.027876
1.194901,2.025229
1.200382,2.022581
1.205863,2.019934
1.211344,2.017287
1.216825,2.014639
1.222307,2.011992
1.227788,2.009345
1.233269,2.006697
1.238750,2.004050
1.244231,2.001402
1.249713,1.998755
1.255194,1.996108
1.260675,1.993460
1.266156,1.990813
1.271637,1.988166
1.277119,1.985518
1.282600,1.982871
1.288081,1.980224
1.293562,1.977576
1.299043,1.974929
1.304525,1.972282
1.310006,1.969634
1.315487,1.966987
1.320968,1.964339
1.326449,1.961692
1.331931,1.959045
1.337412,1.956397
1.342893,1.953750
1.348374,1.951103
1.353855,1.948455
1.359336,1.945808
1.364818,1.943161
1.370299,1.940513
1.375780,1.937866
1.381261,1.935218
1.386742,1.932571
1.392224,1.929924
1.397705,1.927276
1.403186,1.924629
1.408667,1.921982
1.414148,1.919334
1.419630,1.916687
1.425111,1.914040
1.430592,1.911392
1.436073,1.908745
1.441554,1.906098
1.447036,1.903450
1.452517,1.900803
1.457998,1.898155
1.463479,1.895508
1.468960,1.892861
1.474442,1.890213
1.479923,1.887566
1.485404,1.884919
1.490885,1.882271
1.496366,1.879624
1.501848,1.876977
1.507329,1.874329
1.512810,1.871682
1.518291,1.869035
1.523772,1.866387
1.529254,1.863740
1.534735,1.861092
1.540216,1.858445
1.545697,1.855798
1.551178,1.853150
1.556660,1.850503
1.562141,1.847856
1.567622,1.845208
1.573103,1.842561
1.578584,1.839914
1.584065,1.837266
1.589547,1.834619
1.595028,1.831972
1.600509,1.829324
1.605990,1.826677
1.611471,1.824029
1.616953,1.821382
1.622434,1.818735
1.627915,1.816087
1.633396,1.813440
1.638877,1.810793
1.644359,1.808145
1.649840,1.805498
1.655321,1.802851
1.660802,1.800203
1.666283,1.797556
1.671765,1.794909
1.677246,1.792261
1.682727,1.789614
1.688208,1.786966
1.693689,1.784319
1.699171,1.781672
1.704652,1.779024
1.710133,1.776377
1.715614,1.773730
1.721095,1.771082
1.726577,1.768435
1.732058,1.765788
1.737539,1.763140
1.743020,1.760493
1.748501,1.757846
1.753983,1.755198
1.759464,1.752551
1.764945,1.749903
1.770426,1.747256
1.775907,1.744609
1.781389,1.741961
1.786870,1.739314
1.792351,1.736667
1.797832,1.734019
1.803313,1.731372
1.808795,1.728725
1.814276,1.726077
1.819757,1.723430
1.825238,1.720783
1.830719,1.718135
1.836200,1.715488
1.841682,1.712840
1.847163,1.710193
1.852644,1.707546
1.858125,1.704898
1.863606,1.702251
1.869088,1.699604
1.874569,1.696956
1.880050,1.694309
1.885531,1.691662
1.891012,1.689014
1.896494,1.686367
1.901975,1.683720
1.907456,1.681072
1.912937,1.678425
1.918418,1.675777
1.923900,1.673130
1.929381,1.670483
1.934862,1.667835
1.940343,1.665188
1.945824,1.662541
1.951306,1.659893
1.956787,1.657246
1.962268,1.654599
1.967749,1.651951
1.973230,1.649304
1.978712,1.646657
1.984193,1.644009
1.989674,1.641362
1.995155,1.638714
2.000636,1.636067
2.006118,1.633420
2.011599,1.630772
2.017080,1.628125
2.022561,1.625478
2.028042,1.622830
2.033524,1.620183
2.039005,1.617536
2.044486,1.614888
2.049967,1.612241
2.055448,1.609593
2.060930,1.606946
2.066411,1.604299
2.071892,1.601651
2.077373,1.599004
2.082854,1.596357
2.088335,1.593709
2.093817,1.591062
2.099298,1.588415
2.104779,1.585767
2.110260,1.583120
2.115741,1.580473
2.121223,1.577825
2.126704,1.575178
2.132185,1.572530
2.137666,1.569883
2.143147,1.567236
2.148629,1.564588
2.154110,1.561941
2.159591,1.559294
2.165072,1.556646
2.170553,1.553999
2.176035,1.551352
2.181516,1.548704
2.186997,1.546057
2.192478,1.543410
2.197959,1.540762
2.203441,1.538115
2.208922,1.535467
2.214403,1.532820
2.219884,1.530173
2.225365,1.527525
2.230847,1.524878
2.236328,1.522231
2.241809,1.519583
2.247290,1.516936
2.252771,1.514289
2.258253,1.511641
2.263734,1.508994
2.269215,1.506347
2.274696,1.503699
2.280177,1.501052
2.285659,1.498404
2.291140,1.495757
2.296621,1.493110
2.302102,1.490462
2.307583,1.487815
2.313064,1.485168
2.318546,1.482520
2.324027,1.479873
2.329508,1.477226
2.334989,1.474578
2.340470,1.471931
2.345952,1.469284
2.351433,1.466636
2.356914,1.463989
2.362395,1.461341
2.367876,1.458694
2.373358,1.456047
2.378839,1.453399
2.384320,1.450752
2.389801,1.448105
2.395282,1.445457
2.400764,1.442810
2.406245,1.440163
2.411726,1.437515
2.417207,1.434868
2.422688,1.432221
2.428170,1.429573
2.433651,1.426926
2.439132,1.424278
2.444613,1.421631
2.450094,1.418984
2.455576,1.416336
2.461057,1.413689
2.466538,1.411042
2.472019,1.408394
2.477500,1.405747
2.482982,1.403100
2.488463,1.400452
2.493944,1.397805
2.499425,1.395158
2.504906,1.392510
2.510388,1.389863
2.515869,1.387215
2.521350,1.384568
2.526831,1.381921
2.532312,1.379273
2.537794,1.376626
2.543275,1.373979
2.548756,1.371331
2.554237,1.368684
2.559718,1.366037
2.565199,1.363389
2.570681,1.360742
2.576162,1.358095
2.581643,1.355447
2.587124,1.352800
2.592605,1.350152
2.598087,1.347505
2.603568,1.344858
2.609049,1.342210
2.614530,1.339563
2.620011,1.336916
2.625493,1.334268
2.630974,1.331621
2.636455,1.328974
2.641936,1.326326
2.647417,1.323679
2.652899,1.321032
2.658380,1.318384
2.663861,1.315737
2.669342,1.313089
2.674823,1.310442
2.680305,1.307795
2.685786,1.305147
2.691267,1.302500
2.696748,1.299853
2.702229,1.297205
2.707711,1.294558
2.713192,1.291911
2.718673,1.289263
2.724154,1.286616
2.729635,1.283968
2.735117,1.281321
2.740598,1.278674
2.746079,1.276026
2.751560,1.273379
2.757041,1.270732
2.762523,1.268084
2.768004,1.265437
2.773485,1.262790
2.778966,1.260142
2.784447,1.257495
2.789928,1.254848
2.795410,1.252200
2.800891,1.249553
2.806372,1.246905
2.811853,1.244258
2.817334,1.241611
2.822816,1.238963
2.828297,1.236316
2.833778,1.233669
2.839259,1.231021
2.844740,1.228374
2.850222,1.225727
2.855703,1.223079
2.861184,1.220432
2.866665,1.217785
2.872146,1.215137
2.877628,1.212490
2.883109,1.209842
2.888590,1.207195
2.894071,1.204548
2.899552,1.201900
2.905034,1.199253
2.910515,1.196606
2.915996,1.193958
2.921477,1.191311
2.926958,1.188664
2.932440,1.186016
2.937921,1.183369
2.943402,1.180722
2.948883,1.178074
2.954364,1.175427
2.959846,1.172779
2.965327,1.170132
2.970808,1.167485
2.976289,1.164837
2.981770,1.162190
2.987252,1.159543
2.992733,1.156895
2.998214,1.154248
3.003695,1.151601
3.009176,1.148953
3.014658,1.146306
3.020139,1.143659
3.025620,1.141011
3.031101,1.138364
3.036582,1.135716
3.042063,1.133069
3.047545,1.130422
3.053026,1.127774
3.058507,1.125127
3.063988,1.122480
3.069469,1.119832
3.074951,1.117185
3.080432,1.114538
3.085913,1.111890
3.091394,1.109243
3.096875,1.106596
3.102357,1.103948
3.107838,1.101301
3.113319,1.098653
3.118800,1.096006
3.124281,1.093359
3.129763,1.090711
3.135244,1.088064
3.140725,1.085417
3.146206,1.082769
3.151687,1.080122
3.157169,1.077475
3.162650,1.074827
3.168131,1.072180
3.173612,1.069533
3.179093,1.066885
3.184575,1.064238
3.190056,1.061590
3.195537,1.058943
3.201018,1.056296
3.206499,1.053648
3.211981,1.051001
3.217462,1.048354
3.222943,1.045706
3.228424,1.043059
3.233905,1.040412
3.239387,1.037764
3.244868,1.035117
3.250349,1.032470
3.255830,1.029822
3.261311,1.027175
3.266793,1.024527
3.272274,1.021880
3.277755,1.019233
3.283236,1.016585
3.288717,1.013938
3.294198,1.011291
3.299680,1.008643
3.305161,1.005996
3.310642,1.003349
3.316123,1.000701
3.321604,0.998054
3.327086,0.995407
3.332567,0.992759
3.338048,0.990112
3.343529,0.987464
3.349010,0.984817
3.354492,0.982170
3.359973,0.979522
3.365454,0.976875
3.370935,0.974228
3.376416,0.971580
3.381898,0.968933
3.387379,0.966286
3.392860,0.963638
3.398341,0.960991
3.403822,0.958343
3.409304,0.955696
3.414785,0.953049
3.420266,0.950401
3.425747,0.947754
3.431228,0.945107
3.436710,0.942459
3.442191,0.939812
3.447672,0.937165
3.453153,0.934517
3.458634,0.931870
3.464116,0.929223
3.469597,0.926575
3.475078,0.923928
3.480559,0.921280
3.486040,0.918633
3.491522,0.915986
3.497003,0.913338
3.502484,0.910691
3.507965,0.908044
3.513446,0.905396
3.518927,0.902749
3.524409,0.900102
3.529890,0.897454
3.535371,0.894807
3.540852,0.892160
3.546333,0.889512
3.551815,0.886865
3.557296,0.884217
3.562777,0.881570
3.568258,0.878923
3.573739,0.876275
3.579221,0.873628
3.584702,0.870981
3.590183,0.868333
3.595664,0.865686
3.601145,0.863039
3.606627,0.860391
3.612108,0.857744
3.617589,0.855097
3.623070,0.852449
3.628551,0.849802
3.634033,0.847154
3.639514,0.844507
3.644995,0.841860
3.650476,0.839212
3.655957,0.836565
3.661439,0.833918
3.666920,0.831270
3.672401,0.828623
3.677882,0.825976
3.683363,0.823328
3.688845,0.820681
3.694326,0.818034
3.699807,0.815386
3.705288,0.812739
3.710769,0.810091
3.716251,0.807444
3.721732,0.804797
3.727213,0.802149
3.732694,0.799502
3.738175,0.796855
3.743657,0.794207
3.749138,0.791560
3.754619,0.788913
3.760100,0.786265
3.765581,0.783618
3.771062,0.780971
3.776544,0.778323
3.782025,0.775676
3.787506,0.773028
3.792987,0.770381
3.798468,0.767734
3.803950,0.765086
3.809431,0.762439
3.814912,0.759792
3.820393,0.757144
3.825874,0.754497
3.831356,0.751850
3.836837,0.749202
3.842318,0.746555
3.847799,0.743908
3.853280,0.741260
3.858762,0.738613
3.864243,0.735965
3.869724,0.733318
3.875205,0.730671
3.880686,0.728023
3.886168,0.725376
3.891649,0.722729
3.897130,0.720081
3.902611,0.717434
3.908092,0.714787
3.913574,0.712139
3.919055,0.709492
3.924536,0.706845
3.930017,0.704197
3.935498,0.701550
3.940980,0.698902
3.946461,0.696255
3.951942,0.693608
3.957423,0.690960
3.962904,0.688313
3.968386,0.685666
3.973867,0.683018
3.979348,0.680371
3.984829,0.677724
3.990310,0.675076
3.995792,0.672429
4.001273,0.669782
4.006754,0.667134
4.012235,0.664487
4.017716,0.661839
4.023197,0.659192
4.028679,0.656545
4.034160,0.653897
4.039641,0.651250
4.045122,0.648603
4.050603,0.645955
4.056085,0.643308
4.061566,0.640661
4.067047,0.638013
4.072528,0.635366
4.078009,0.632718
4.083491,0.630071
4.088972,0.627424
4.094453,0.624776
4.099934,0.622129
4.105415,0.619482
4.110897,0.616834
4.116378,0.614187
4.121859,0.611540
4.127340,0.608892
4.132821,0.606245
4.138303,0.603598
4.143784,0.600950
4.149265,0.598303
4.154746,0.595655
4.160227,0.593008
4.165709,0.590361
4.171190,0.587713
4.176671,0.585066
4.182152,0.582419
4.187633,0.579771
4.193115,0.577124
4.198596,0.574477
4.204077,0.571829
4.209558,0.569182
4.215039,0.566535
4.220521,0.563887
4.226002,0.561240
4.231483,0.558592
4.236964,0.555945
4.242445,0.553298
4.247926,0.550650
4.253408,0.548003
4.258889,0.545356
4.264370,0.542708
4.269851,0.540061
4.275332,0.537414
4.280814,0.534766
4.286295,0.532119
4.291776,0.529472
4.297257,0.526824
4.302738,0.524177
4.308220,0.521529
4.313701,0.518882
4.319182,0.516235
4.324663,0.513587
4.330144,0.510940
4.335626,0.508293
4.341107,0.505645
4.346588,0.502998
4.352069,0.500351
4.357550,0.497703
4.363032,0.495056
4.368513,0.492409
4.373994,0.489761
4.379475,0.487114
4.384956,0.484466
4.390438,0.481819
4.395919,0.479172
4.401400,0.476524
4.406881,0.473877
4.412362,0.471230
4.417844,0.468582
4.423325,0.465935
4.428806,0.463288
4.434287,0.460640
4.439768,0.457993
4.445250,0.455346
4.450731,0.452698
4.456212,0.450051
4.461693,0.447403
4.467174,0.444756
4.472656,0.442109
4.478137,0.439461
4.483618,0.436814
4.489099,0.434167
4.494580,0.431519
4.500061,0.428872
4.505543,0.426225
4.511024,0.423577
4.516505,0.420930
4.521986,0.418283
4.527467,0.415635
4.532949,0.412988
4.538430,0.410340
4.543911,0.407693
4.549392,0.405046
4.554873,0.402398
4.560355,0.399751
4.565836,0.397104
4.571317,0.394456
4.576798,0.391809
4.582279,0.389162
4.587761,0.386514
4.593242,0.383867
4.598723,0.381220
4.604204,0.378572
4.609685,0.375925
4.615167,0.373277
4.620648,0.370630
4.626129,0.367983
4.631610,0.365335
4.637091,0.362688
4.642573,0.360041
4.648054,0.357393
4.653535,0.354746
4.659016,0.352099
4.664497,0.349451
4.669979,0.346804
4.675460,0.344157
4.680941,0.341509
4.686422,0.338862
4.691903,0.336214
4.697385,0.333567
4.702866,0.330920
4.708347,0.328272
4.713828,0.325625
4.719309,0.322978
4.724791,0.320330
4.730272,0.317683
4.735753,0.315036
4.741234,0.312388
4.746715,0.309741
4.752196,0.307093
4.757678,0.304446
4.763159,0.301799
4.768640,0.299151
4.774121,0.296504
4.779602,0.293857
4.785084,0.291209
4.790565,0.288562
4.796046,0.285915
4.801527,0.283267
4.807008,0.280620
4.812490,0.277973
4.817971,0.275325
4.823452,0.272678
4.828933,0.270030
4.834414,0.267383
4.839896,0.264736
4.845377,0.262088
4.850858,0.259441
4.856339,0.256794
4.861820,0.254146
4.867302,0.251499
4.872783,0.248852
4.878264,0.246204
4.883745,0.243557
4.889226,0.240910
4.894708,0.238262
4.900189,0.235615
4.905670,0.232967
4.911151,0.230320
4.916632,0.227673
4.922114,0.225025
4.927595,0.222378
4.933076,0.219731
4.938557,0.217083
4.944038,0.214436
4.949520,0.211789
4.955001,0.209141
4.960482,0.206494
4.965963,0.203847
4.971444,0.201199
4.976925,0.198552
4.982407,0.195904
4.987888,0.193257
4.993369,0.190610
4.998850,0.187962
5.004331,0.185315
5.009813,0.182668
5.015294,0.180020
5.020775,0.177373
5.026256,0.174726
5.031737,0.172078
5.037219,0.169431
5.042700,0.166784
5.048181,0.164136
5.053662,0.161489
5.059143,0.158841
5.064625,0.156194
5.070106,0.153547
5.075587,0.150899
5.081068,0.148252
5.086549,0.145605
5.092031,0.142957
5.097512,0.140310
5.102993,0.137663
5.108474,0.135015
5.113955,0.132368
5.119437,0.129721
5.124918,0.127073
5.130399,0.124426
5.135880,0.121778
5.141361,0.119131
5.146843,0.116484
5.152324,0.113836
5.157805,0.111189
5.162053,0.108542
5.163286,0.105894
5.168767,0.103247
5.174249,0.100600
5.179730,0.097952
5.185211,0.095305
5.190692,0.092658
5.196173,0.090010
5.201655,0.087363
5.207136,0.084715
5.212617,0.082068
5.218098,0.079421
5.223579,0.076773
5.229060,0.074126
5.234542,0.071479
5.240023,0.068831
5.245504,0.066184
5.250985,0.063537
5.256466,0.060889
5.261948,0.058242
5.267429,0.055595
5.272910,0.052947
5.278391,0.050300
5.283872,0.047652
5.289354,0.045005
5.294835,0.042358
5.300316,0.039710
5.305797,0.037063
5.311278,0.034416
5.316760,0.031768
5.322241,0.029121
5.327722,0.026474
5.333203,0.023826
5.337053,0.021179
5.338684,0.018532
5.344166,0.015884
5.349647,0.013237
5.355128,0.010589
5.360609,0.007942
5.366090,0.005295
5.371572,0.002647
5.377053,0.000000
